,±ê¼Ç,center number,atomic number,x,y,z,charge,multi
0,t,1,1,1.54781684,2.82710319,1.0596815,0,1
1,v,2,1,1.191144,2.322705,0.18603,,
